Workbook

Sheet Executive_Overview
A1: AUSPIFY BUSINESS ANALYTICS INTERNSHIP — EXECUTIVE PORTFOLIO DASHBOARD
A2: Consolidated KPI Summary & Strategic Scorecard Across Tasks 1–6 | Source: Netflix Catalog Dataset (n = 8,790 Titles)
A4: TOTAL CATALOG TITLES | C4: MOVIES SHARE | E4: TV SHOWS SHARE | G4: GLOBAL MARKETS | I4: MATURE (18+) SHARE | K4: PEAK ANNUAL ADDITIONS
A5: =Task1_Portfolio!B11 -> 8790 | C5: =Task1_Portfolio!C9 -> 0.69692833 | E5: =Task1_Portfolio!C10 -> 0.30307167 | G5: 85 | I5: =Task3_Audience!D9 -> 4007 | K5: =Task4_Growth_Trends!D19 -> 1648
A6: 100% Verified Records | C6: 6,126 Feature & Short Films | E6: 2,664 Series (Avg 1.75 Seasons) | G6: Top Market: USA (36.9% Share) | I6: 4,007 Titles Rated TV-MA / R / NC-17 | K6: Reached in 2019 (+22.3% YoY)
A8: Internship Tasks Analytical Synthesis & Key Findings
A9: Task ID | B9: Task Title | C9: Complexity | D9: Primary Metric / KPI | E9: Verified Dataset Finding | F9: Core Strategic Recommendation
A10: Task 1 | B10: Netflix Content Portfolio Analysis | C10: Easy | D10: Movie vs. TV Split: 69.7% / 30.3% | E10: 6,126 Movies (mean 99.6 min) vs. 2,664 TV Shows (67.2% single-season) | F10: Rebalance acquisition toward multi-season returning TV series to reduce subscriber churn
A11: Task 2 | B11: Global Market Performance Analysis | C11: Easy | D11: Top 3 Markets: 56.1% of Catalog | E11: USA (3,240), India (1,057), UK (638); APAC (77.1% TV in Korea) leads series mix | F11: Expand localized series production in India (currently 92.3% movies) and Latin America
A12: Task 3 | B12: Audience Segmentation Analysis | C12: Medium | D12: Adult + Teen Share: 75.7% | E12: Mature 18+ (45.6%) & Teens 13-17 (30.1%) dominate; Kids/Family represent 23.4% | F12: Expand Kids (7+) and Family co-viewing slates where TV Shows already hold 57.5% share
A13: Task 4 | B13: Content Growth & Trend Analysis | C13: Medium | D13: 2016–2019 CAGR: +67.9% Additions | E13: Additions peaked in 2019 (2,016) before COVID-19 slowdown (1,879 in 2020; 1,498 in 2021) | F13: Increase same-year original releases (52.2% in TV vs. 30.4% in Movies) to offset licensing drops
A14: Task 5 | B14: Content Category Performance | C14: Advanced | D14: 42 Genres (Avg 2.19 Tags/Title) | E14: International Movies (2,752), Dramas (2,426), Comedies (1,674), Intl TV (1,349) lead | F14: Invest in high-retention cross-border genres: Crime TV (469), Docuseries (394), Anime (245)
A15: Task 6 | B15: Executive Business Insights Report | C15: Advanced | D15: Metadata Completeness: 70.6% Dir | E15: 2,588 titles lack director metadata; 402 unattributed rows default to Pakistan | F15: Enforce ingestion schema validation and shift capital efficiency toward high-LTV regional hubs
A18: Global Regional Portfolio Rollup (Linked to Task 2 Analysis)
A19: Macro Region | B19: Movies Count | C19: TV Shows Count | D19: Total Titles | E19: Catalog Share (%) | F19: TV Show Share (%)
A20: North America (USA & Canada) | B20: 2582 | C20: 929 | D20: =B20+C20 -> 3511 | E20: =D20/$D$27 -> 0.39943117 | F20: =C20/D20 -> 0.26459698
A21: Asia-Pacific (India, Japan, Korea, etc.) | B21: 1648 | C21: 992 | D21: =B21+C21 -> 2640 | E21: =D21/$D$27 -> 0.3003413 | F21: =C21/D21 -> 0.37575758
A22: Europe (UK, France, Spain, Germany, etc.) | B22: 983 | C22: 504 | D22: =B22+C22 -> 1487 | E22: =D22/$D$27 -> 0.16916951 | F22: =C22/D22 -> 0.33893746
A23: Latin America (Mexico, Brazil, Argentina, etc.) | B23: 241 | C23: 125 | D23: =B23+C23 -> 366 | E23: =D23/$D$27 -> 0.041638225 | F23: =C23/D23 -> 0.34153005
A24: Middle East & Africa (Egypt, Nigeria, S. Africa, etc.) | B24: 302 | C24: 54 | D24: =B24+C24 -> 356 | E24: =D24/$D$27 -> 0.040500569 | F24: =C24/D24 -> 0.15168539
A25: Other / Smaller Markets | B25: 113 | C25: 30 | D25: =B25+C25 -> 143 | E25: =D25/$D$27 -> 0.016268487 | F25: =C25/D25 -> 0.20979021
A26: Unassigned ('Not Given') | B26: 257 | C26: 30 | D26: =B26+C26 -> 287 | E26: =D26/$D$27 -> 0.032650739 | F26: =C26/D26 -> 0.10452962
A27: Total Global Catalog | B27: =SUM(B20:B26) -> 6126 | C27: =SUM(C20:C26) -> 2664 | D27: =SUM(D20:D26) -> 8790 | E27: =SUM(E20:E26) -> 1 | F27: =C27/D27 -> 0.30307167

Sheet Task1_Portfolio
A1: TASK 1: NETFLIX CONTENT PORTFOLIO ANALYSIS
A2: Content Type Distribution, Movie Runtime Tiers, TV Show Season Depth & Top Directors | Source: Dataset.csv (n = 8,790)
A4: TOTAL CATALOG SIZE | D4: TOTAL MOVIES | G4: TOTAL TV SHOWS | J4: MEDIAN MOVIE RUNTIME
A5: =B11 -> 8790 | D5: =B9 -> 6126 | G5: =B10 -> 2664 | J5: 98
A6: All Verified Titles | D6: 69.7% of Total Portfolio | G6: 30.3% of Total Portfolio | J6: Mean: 99.6 min (IQR: 87–114 min)
A7: 1A. Portfolio Distribution by Content Type
A8: Content Type | B8: Title Count | C8: Portfolio Share (%) | D8: Mean Duration / Length | E8: Same-Year Release Share (%)
A9: Movie | B9: 6126 | C9: =B9/$B$11 -> 0.69692833 | D9: 99.6 Minutes (Median: 98m) | E9: 0.304
A10: TV Show | B10: 2664 | C10: =B10/$B$11 -> 0.30307167 | D10: 1.75 Seasons (Median: 1 Season) | E10: 0.522
A11: Total / Portfolio Average | B11: =SUM(B9:B10) -> 8790 | C11: =SUM(C9:C10) -> 1 | D11: Weighted Catalog | E11: 0.37
A14: 1B. Movie Runtime Distribution Analysis
A15: Movie Runtime Tier | B15: Movie Count | C15: Share of Movies (%) | D15: Share of Total Catalog (%)
A16: Short Film / Special (<60 min) | B16: 486 | C16: =B16/$B$21 -> 0.079333986 | D16: =B16/$B$11 -> 0.055290102
A17: Standard-Short Feature (60–90 min) | B17: 1503 | C17: =B17/$B$21 -> 0.2453477 | D17: =B17/$B$11 -> 0.17098976
A18: Core Feature Length (91–120 min) | B18: 2995 | C18: =B18/$B$21 -> 0.48889977 | D18: =B18/$B$11 -> 0.3407281
A19: Long Feature (121–150 min) | B19: 897 | C19: =B19/$B$21 -> 0.14642507 | D19: =B19/$B$11 -> 0.10204778
A20: Epic / Extended (>150 min) | B20: 245 | C20: =B20/$B$21 -> 0.03999347 | D20: =B20/$B$11 -> 0.027872582
A21: Total Movies | B21: =SUM(B16:B20) -> 6126 | C21: =SUM(C16:C20) -> 1 | D21: =SUM(D16:D20) -> 0.69692833
A24: 1C. TV Show Season Depth Breakdown
A25: Season Count Tier | B25: TV Show Count | C25: Share of TV Shows (%) | D25: Share of Total Catalog (%)
A26: 1 Season (Limited Series / Unrenewed) | B26: 1791 | C26: =B26/$B$32 -> 0.6722973 | D26: =B26/$B$11 -> 0.20375427
A27: 2 Seasons | B27: 421 | C27: =B27/$B$32 -> 0.15803303 | D27: =B27/$B$11 -> 0.047895336
A28: 3 Seasons | B28: 198 | C28: =B28/$B$32 -> 0.074324324 | D28: =B28/$B$11 -> 0.022525597
A29: 4 Seasons | B29: 94 | C29: =B29/$B$32 -> 0.035285285 | D29: =B29/$B$11 -> 0.01069397
A30: 5 Seasons | B30: 64 | C30: =B30/$B$32 -> 0.024024024 | D30: =B30/$B$11 -> 0.0072810011
A31: 6+ Seasons (Long-Running Franchise) | B31: 96 | C31: =B31/$B$32 -> 0.036036036 | D31: =B31/$B$11 -> 0.010921502
A32: Total TV Shows | B32: =SUM(B26:B31) -> 2664 | C32: =SUM(C26:C31) -> 1 | D32: =SUM(D26:D31) -> 0.30307167

Sheet Task2_Global_Markets
A1: TASK 2: GLOBAL MARKET PERFORMANCE ANALYSIS
A2: Top 20 Content-Producing Countries, Format Mix & Market Concentration | Source: Dataset.csv (85 Countries + 'Not Given')
A4: UNITED STATES (#1 MARKET) | D4: INDIA (#2 MARKET) | G4: UNITED KINGDOM (#3 MARKET) | J4: TOP 10 COUNTRIES SHARE
A5: =D9 -> 3240 | D5: =D10 -> 1057 | G5: =D11 -> 638 | J5: =SUM(E9:E18) -> 0.77155859
A6: 36.9% of Global Catalog | D6: 12.0% Share (92.3% Movies) | G6: 7.3% Share (39.3% TV Shows) | J6: High Geographic Concentration
A7: Top 20 Countries by Total Catalog Volume (Plus Rest of World & Unassigned)
A8: Country / Territory | B8: Movies | C8: TV Shows | D8: Total Titles | E8: Global Share (%) | F8: Movie Share (%) | G8: TV Show Share (%)
A9: United States | B9: 2395 | C9: 845 | D9: =B9+C9 -> 3240 | E9: =D9/$D$30 -> 0.36860068 | F9: =B9/D9 -> 0.73919753 | G9: =C9/D9 -> 0.26080247
A10: India | B10: 976 | C10: 81 | D10: =B10+C10 -> 1057 | E10: =D10/$D$30 -> 0.12025028 | F10: =B10/D10 -> 0.92336802 | G10: =C10/D10 -> 0.076631977
A11: United Kingdom | B11: 387 | C11: 251 | D11: =B11+C11 -> 638 | E11: =D11/$D$30 -> 0.07258248 | F11: =B11/D11 -> 0.60658307 | G11: =C11/D11 -> 0.39341693
A12: Pakistan * | B12: 71 | C12: 350 | D12: =B12+C12 -> 421 | E12: =D12/$D$30 -> 0.047895336 | F12: =B12/D12 -> 0.16864608 | G12: =C12/D12 -> 0.83135392
A13: Not Given * | B13: 257 | C13: 30 | D13: =B13+C13 -> 287 | E13: =D13/$D$30 -> 0.032650739 | F13: =B13/D13 -> 0.89547038 | G13: =C13/D13 -> 0.10452962
A14: Canada | B14: 187 | C14: 84 | D14: =B14+C14 -> 271 | E14: =D14/$D$30 -> 0.030830489 | F14: =B14/D14 -> 0.6900369 | G14: =C14/D14 -> 0.3099631
A15: Japan | B15: 87 | C15: 172 | D15: =B15+C15 -> 259 | E15: =D15/$D$30 -> 0.029465301 | F15: =B15/D15 -> 0.33590734 | G15: =C15/D15 -> 0.66409266
A16: South Korea | B16: 49 | C16: 165 | D16: =B16+C16 -> 214 | E16: =D16/$D$30 -> 0.024345848 | F16: =B16/D16 -> 0.22897196 | G16: =C16/D16 -> 0.77102804
A17: France | B17: 148 | C17: 65 | D17: =B17+C17 -> 213 | E17: =D17/$D$30 -> 0.024232082 | F17: =B17/D17 -> 0.69483568 | G17: =C17/D17 -> 0.30516432
A18: Spain | B18: 129 | C18: 53 | D18: =B18+C18 -> 182 | E18: =D18/$D$30 -> 0.020705347 | F18: =B18/D18 -> 0.70879121 | G18: =C18/D18 -> 0.29120879
A19: Mexico | B19: 90 | C19: 48 | D19: =B19+C19 -> 138 | E19: =D19/$D$30 -> 0.015699659 | F19: =B19/D19 -> 0.65217391 | G19: =C19/D19 -> 0.34782609
A20: Egypt | B20: 109 | C20: 14 | D20: =B20+C20 -> 123 | E20: =D20/$D$30 -> 0.013993174 | F20: =B20/D20 -> 0.88617886 | G20: =C20/D20 -> 0.11382114
... A29: Rest of World (66 Other Countries) | B29: 705 | C29: 247 | D29: =B29+C29 -> 952 | E29: =D29/$D$30 -> 0.10830489 | F29: =B29/D29 -> 0.74054622 | G29: =C29/D29 -> 0.25945378
A30: Total Global Catalog | B30: =SUM(B9:B29) -> 6126 | C30: =SUM(C9:C29) -> 2664 | D30: =SUM(D9:D29) -> 8790 | E30: =SUM(E9:E29) -> 1 | F30: =B30/D30 -> 0.69692833 | G30: =C30/D30 -> 0.30307167
A32: * Data Quality Note: In Dataset.csv, 402 of Pakistan's 421 rows (95.5%) have Director = 'Not Given' and include international titles (e.g., Squid Game) imputed during upstream dataset preprocessing. 'Not Given' accounts for 287 unattributed rows.

Sheet Task3_Audience
A1: TASK 3: AUDIENCE SEGMENTATION & RATING ANALYSIS
A2: Strategic Demographic Cohorts & Granular MPAA / TV Parental Guidelines Breakdown | Source: Dataset.csv (n = 8,790)
A4: MATURE ADULTS (18+) COHORT | D4: TEENS & YA (13–17) COHORT | G4: KIDS & FAMILY COHORTS | J4: TOP INDIVIDUAL RATING
A5: =D9 -> 4007 | D5: =D10 -> 2647 | G5: =SUM(D11:D13) -> 2054 | J5: 3205
A6: 45.6% of Catalog (TV-MA, R, NC-17) | D6: 30.1% of Catalog (TV-14, PG-13) | G6: 23.4% Combined Family & Kids | J6: TV-MA (36.5% of Total Catalog)
A7: 3A. Strategic Audience Demographic Segments
A8: Audience Demographic Segment | B8: Movies | C8: TV Shows | D8: Total Titles | E8: Catalog Share (%) | F8: Movie Share (%) | G8: TV Show Share (%)
A9: Mature / Adults (18+) [TV-MA, R, NC-17] | B9: 2862 | C9: 1145 | D9: =B9+C9 -> 4007 | E9: =D9/$D$15 -> 0.45585893 | F9: =B9/D9 -> 0.71425006 | G9: =C9/D9 -> 0.28574994
A10: Teens & Young Adults (13–17) [TV-14, PG-13] | B10: 1917 | C10: 730 | D10: =B10+C10 -> 2647 | E10: =D10/$D$15 -> 0.30113766 | F10: =B10/D10 -> 0.72421609 | G10: =C10/D10 -> 0.27578391
A11: Older Kids & Family (Parental Guidance) [TV-PG, PG] | B11: 827 | C11: 321 | D11: =B11+C11 -> 1148 | E11: =D11/$D$15 -> 0.13060296 | F11: =B11/D11 -> 0.72038328 | G11: =C11/D11 -> 0.27961672
A12: Young Children & All Ages [TV-Y, TV-G, G] | B12: 298 | C12: 269 | D12: =B12+C12 -> 567 | E12: =D12/$D$15 -> 0.064505119 | F12: =B12/D12 -> 0.52557319 | G12: =C12/D12 -> 0.47442681
A13: Kids (Age 7+) [TV-Y7, TV-Y7-FV] | B13: 144 | C13: 195 | D13: =B13+C13 -> 339 | E13: =D13/$D$15 -> 0.038566553 | F13: =B13/D13 -> 0.42477876 | G13: =C13/D13 -> 0.57522124
A14: Unrated / Not Rated [NR, UR] | B14: 78 | C14: 4 | D14: =B14+C14 -> 82 | E14: =D14/$D$15 -> 0.0093287827 | F14: =B14/D14 -> 0.95121951 | G14: =C14/D14 -> 0.048780488
A15: Total Catalog | B15: =SUM(B9:B14) -> 6126 | C15: =SUM(C9:C14) -> 2664 | D15: =SUM(D9:D14) -> 8790 | E15: =SUM(E9:E14) -> 1 | F15: =B15/D15 -> 0.69692833 | G15: =C15/D15 -> 0.30307167
A18: 3B. Granular Rating Classification Breakdown (All 14 Ratings)
A19: Rating Code | B19: Target Audience Group | C19: Movies | D19: TV Shows | E19: Total Titles | F19: Catalog Share (%) | G19: TV Show Share (%)
A20: TV-MA | B20: Mature / Adults (18+) | C20: 2062 | D20: 1143 | E20: =C20+D20 -> 3205 | F20: =E20/$E$34 -> 0.36461889 | G20: =D20/E20 -> 0.35663027
A21: TV-14 | B21: Teens & Young Adults (13–17) | C21: 1427 | D21: 730 | E21: =C21+D21 -> 2157 | F21: =E21/$E$34 -> 0.24539249 | G21: =D21/E21 -> 0.33843301
A22: TV-PG | B22: Older Kids & Family | C22: 540 | D22: 321 | E22: =C22+D22 -> 861 | F22: =E22/$E$34 -> 0.097952218 | G22: =D22/E22 -> 0.3728223
A23: R | B23: Mature / Adults (18+) | C23: 797 | D23: 2 | E23: =C23+D23 -> 799 | F23: =E23/$E$34 -> 0.090898749 | G23: =D23/E23 -> 0.0025031289
A24: PG-13 | B24: Teens & Young Adults (13–17) | C24: 490 | D24: 0 | E24: =C24+D24 -> 490 | F24: =E24/$E$34 -> 0.055745165 | G24: =D24/E24 -> 0
A25: TV-Y7 | B25: Kids (Age 7+) | C25: 139 | D25: 194 | E25: =C25+D25 -> 333 | F25: =E25/$E$34 -> 0.037883959 | G25: =D25/E25 -> 0.58258258
A26: TV-Y | B26: Young Children & All Ages | C26: 131 | D26: 175 | E26: =C26+D26 -> 306 | F26: =E26/$E$34 -> 0.034812287 | G26: =D26/E26 -> 0.57189542
A27: PG | B27: Older Kids & Family | C27: 287 | D27: 0 | E27: =C27+D27 -> 287 | F27: =E27/$E$34 -> 0.032650739 | G27: =D27/E27 -> 0
A28: TV-G | B28: Young Children & All Ages | C28: 126 | D28: 94 | E28: =C28+D28 -> 220 | F28: =E28/$E$34 -> 0.025028441 | G28: =D28/E28 -> 0.42727273
A29: NR | B29: Unrated / Not Rated | C29: 75 | D29: 4 | E29: =C29+D29 -> 79 | F29: =E29/$E$34 -> 0.0089874858 | G29: =D29/E29 -> 0.050632911
A30: G | B30: Young Children & All Ages | C30: 41 | D30: 0 | E30: =C30+D30 -> 41 | F30: =E30/$E$34 -> 0.0046643914 | G30: =D30/E30 -> 0
A31: TV-Y7-FV | B31: Kids (Age 7+ Fantasy Violence) | C31: 5 | D31: 1 | E31: =C31+D31 -> 6 | F31: =E31/$E$34 -> 0.00068259386 | G31: =D31/E31 -> 0.16666667
... A33: UR | B33: Unrated / Not Rated | C33: 3 | D33: 0 | E33: =C33+D33 -> 3 | F33: =E33/$E$34 -> 0.00034129693 | G33: =D33/E33 -> 0
A34: Total | B34: All Ratings | C34: =SUM(C20:C33) -> 6126 | D34: =SUM(D20:D33) -> 2664 | E34: =SUM(E20:E33) -> 8790 | F34: =SUM(F20:F33) -> 1 | G34: =D34/E34 -> 0.30307167

Sheet Task4_Growth_Trends
A1: TASK 4: CONTENT GROWTH, RELEASE TRENDS & SEASONALITY ANALYSIS
A2: Annual Catalog Additions (2008–2021), Release Year Cohorts & Monthly Addition Seasonality | Source: Dataset.csv
A4: PEAK ADDITION YEAR (2019) | D4: PEAK RELEASE YEAR (2018) | G4: SAME-YEAR RELEASE RATE | J4: PEAK ADDITION MONTHS
A5: =D19 -> 1648 | D5: 1146 | G5: 0.37 | J5: 827
A6: 1,424 Movies + 592 TV Shows | D6: 767 Movies + 379 TV Shows | G6: 3,253 Titles Added in Release Year | J6: Followed by December (812 Titles)
A7: 4A. Annual Platform Additions & YoY Growth Trajectory (2008–2021)
A8: Year Added | B8: Movies Added | C8: TV Shows Added | D8: Total Added | E8: Share of Catalog (%) | F8: TV Show Share (%) | G8: YoY Volume Change
A9: 2008 | B9: 1 | C9: 1 | D9: =B9+C9 -> 2 | E9: =D9/$D$23 -> 0.00022753129 | F9: =C9/D9 -> 0.5 | G9: 0
A10: 2009 | B10: 2 | C10: 0 | D10: =B10+C10 -> 2 | E10: =D10/$D$23 -> 0.00022753129 | F10: =C10/D10 -> 0 | G10: =D10-D9 -> 0
A11: 2010 | B11: 1 | C11: 0 | D11: =B11+C11 -> 1 | E11: =D11/$D$23 -> 0.00011376564 | F11: =C11/D11 -> 0 | G11: =D11-D10 -> -1
A12: 2011 | B12: 13 | C12: 0 | D12: =B12+C12 -> 13 | E12: =D12/$D$23 -> 0.0014789534 | F12: =C12/D12 -> 0 | G12: =D12-D11 -> 12
A13: 2012 | B13: 3 | C13: 0 | D13: =B13+C13 -> 3 | E13: =D13/$D$23 -> 0.00034129693 | F13: =C13/D13 -> 0 | G13: =D13-D12 -> -10
A14: 2013 | B14: 6 | C14: 5 | D14: =B14+C14 -> 11 | E14: =D14/$D$23 -> 0.0012514221 | F14: =C14/D14 -> 0.45454545 | G14: =D14-D13 -> 8
A15: 2014 | B15: 19 | C15: 5 | D15: =B15+C15 -> 24 | E15: =D15/$D$23 -> 0.0027303754 | F15: =C15/D15 -> 0.20833333 | G15: =D15-D14 -> 13
A16: 2015 | B16: 56 | C16: 26 | D16: =B16+C16 -> 82 | E16: =D16/$D$23 -> 0.0093287827 | F16: =C16/D16 -> 0.31707317 | G16: =D16-D15 -> 58
A17: 2016 | B17: 251 | C17: 175 | D17: =B17+C17 -> 426 | E17: =D17/$D$23 -> 0.048464164 | F17: =C17/D17 -> 0.41079812 | G17: =D17-D16 -> 344
A18: 2017 | B18: 836 | C18: 349 | D18: =B18+C18 -> 1185 | E18: =D18/$D$23 -> 0.13481229 | F18: =C18/D18 -> 0.29451477 | G18: =D18-D17 -> 759
A19: 2018 | B19: 1237 | C19: 411 | D19: =B19+C19 -> 1648 | E19: =D19/$D$23 -> 0.18748578 | F19: =C19/D19 -> 0.2493932 | G19: =D19-D18 -> 463
A20: 2019 | B20: 1424 | C20: 592 | D20: =B20+C20 -> 2016 | E20: =D20/$D$23 -> 0.22935154 | F20: =C20/D20 -> 0.29365079 | G20: =D20-D19 -> 368
A21: 2020 | B21: 1284 | C21: 595 | D21: =B21+C21 -> 1879 | E21: =D21/$D$23 -> 0.21376564 | F21: =C21/D21 -> 0.3166578 | G21: =D21-D20 -> -137
A22: 2021 | B22: 993 | C22: 505 | D22: =B22+C22 -> 1498 | E22: =D22/$D$23 -> 0.17042093 | F22: =C22/D22 -> 0.33711615 | G22: =D22-D21 -> -381
A23: Total | B23: =SUM(B9:B22) -> 6126 | C23: =SUM(C9:C22) -> 2664 | D23: =SUM(D9:D22) -> 8790 | E23: =SUM(E9:E22) -> 1 | F23: =C23/D23 -> 0.30307167 | G23: =D22-D9 -> 1496
A26: 4B. Monthly Content Addition Seasonality (Jan–Dec)
A27: Month | B27: Movies Added | C27: TV Shows Added | D27: Total Added | E27: Monthly Share (%) | F27: TV Show Share (%)
A28: January | B28: 545 | C28: 192 | D28: =B28+C28 -> 737 | E28: =D28/$D$40 -> 0.083845279 | F28: =C28/D28 -> 0.2605156
A29: February | B29: 382 | C29: 180 | D29: =B29+C29 -> 562 | E29: =D29/$D$40 -> 0.063936291 | F29: =C29/D29 -> 0.3202847
A30: March | B30: 528 | C30: 213 | D30: =B30+C30 -> 741 | E30: =D30/$D$40 -> 0.084300341 | F30: =C30/D30 -> 0.28744939
A31: April | B31: 549 | C31: 214 | D31: =B31+C31 -> 763 | E31: =D31/$D$40 -> 0.086803185 | F31: =C31/D31 -> 0.28047182
A32: May | B32: 439 | C32: 193 | D32: =B32+C32 -> 632 | E32: =D32/$D$40 -> 0.071899886 | F32: =C32/D32 -> 0.30537975
A33: June | B33: 492 | C33: 236 | D33: =B33+C33 -> 728 | E33: =D33/$D$40 -> 0.082821388 | F33: =C33/D33 -> 0.32417582
A34: July | B34: 565 | C34: 262 | D34: =B34+C34 -> 827 | E34: =D34/$D$40 -> 0.094084187 | F34: =C34/D34 -> 0.31680774
A35: August | B35: 518 | C35: 236 | D35: =B35+C35 -> 754 | E35: =D35/$D$40 -> 0.085779295 | F35: =C35/D35 -> 0.31299735
A36: September | B36: 518 | C36: 251 | D36: =B36+C36 -> 769 | E36: =D36/$D$40 -> 0.087485779 | F36: =C36/D36 -> 0.32639792
A37: October | B37: 545 | C37: 215 | D37: =B37+C37 -> 760 | E37: =D37/$D$40 -> 0.086461889 | F37: =C37/D37 -> 0.28289474
A38: November | B38: 498 | C38: 207 | D38: =B38+C38 -> 705 | E38: =D38/$D$40 -> 0.080204778 | F38: =C38/D38 -> 0.29361702
A39: December | B39: 547 | C39: 265 | D39: =B39+C39 -> 812 | E39: =D39/$D$40 -> 0.092377702 | F39: =C39/D39 -> 0.32635468
A40: Total Annualized | B40: =SUM(B28:B39) -> 6126 | C40: =SUM(C28:C39) -> 2664 | D40: =SUM(D28:D39) -> 8790 | E40: =SUM(E28:E39) -> 1 | F40: =C40/D40 -> 0.30307167

Sheet Task5_Categories
A1: TASK 5: CONTENT CATEGORY (GENRE) PERFORMANCE ANALYSIS
A2: Complete Ranking of All 42 Netflix Genre Categories by Catalog Penetration & Format Type | Source: Dataset.csv (19,294 Genre Tags)
A4: TOTAL GENRE ASSIGNMENTS | D4: AVG GENRES PER TITLE | G4: #1 MOVIE CATEGORY | J4: #1 TV SHOW CATEGORY
A5: =D51 -> 13185 | D5: =D51/8790 -> 1.5 | G5: =D9 -> 2752 | J5: =D12 -> 0
A6: Across 8,790 Unique Titles | D6: Multi-Label Genre Tagging | G6: International Movies (31.3% of Catalog) | J6: International TV Shows (15.3% of Catalog)
A7: Complete Performance Ranking of All 42 Content Categories
A8: Rank | B8: Category / Genre Name | C8: Primary Format | D8: Movies Count | E8: TV Shows Count | F8: Total Mentions | G8: Share of Tag Mentions (%) | H8: Catalog Penetration (%)
A9: 1 | B9: International Movies | C9: Movie Genre | D9: 2752 | E9: 0 | F9: =D9+E9 -> 2752 | G9: =F9/$F$51 -> 0.14263502 | H9: =F9/8790 -> 0.31308305
A10: 2 | B10: Dramas | C10: Movie Genre | D10: 2426 | E10: 0 | F10: =D10+E10 -> 2426 | G10: =F10/$F$51 -> 0.12573857 | H10: =F10/8790 -> 0.27599545
A11: 3 | B11: Comedies | C11: Movie Genre | D11: 1674 | E11: 0 | F11: =D11+E11 -> 1674 | G11: =F11/$F$51 -> 0.086762724 | H11: =F11/8790 -> 0.19044369
A12: 4 | B12: International TV Shows | C12: TV Show Genre | D12: 0 | E12: 1349 | F12: =D12+E12 -> 1349 | G12: =F12/$F$51 -> 0.069918109 | H12: =F12/8790 -> 0.15346985
A13: 5 | B13: Documentaries | C13: Movie Genre | D13: 869 | E13: 0 | F13: =D13+E13 -> 869 | G13: =F13/$F$51 -> 0.045039909 | H13: =F13/8790 -> 0.098862344
A14: 6 | B14: Action & Adventure | C14: Movie Genre | D14: 859 | E14: 0 | F14: =D14+E14 -> 859 | G14: =F14/$F$51 -> 0.044521613 | H14: =F14/8790 -> 0.097724687
A15: 7 | B15: TV Dramas | C15: TV Show Genre | D15: 0 | E15: 762 | F15: =D15+E15 -> 762 | G15: =F15/$F$51 -> 0.039494143 | H15: =F15/8790 -> 0.08668942
A16: 8 | B16: Independent Movies | C16: Movie Genre | D16: 756 | E16: 0 | F16: =D16+E16 -> 756 | G16: =F16/$F$51 -> 0.039183166 | H16: =F16/8790 -> 0.086006826
A17: 9 | B17: Children & Family Movies | C17: Movie Genre | D17: 641 | E17: 0 | F17: =D17+E17 -> 641 | G17: =F17/$F$51 -> 0.033222764 | H17: =F17/8790 -> 0.072923777
A18: 10 | B18: Romantic Movies | C18: Movie Genre | D18: 616 | E18: 0 | F18: =D18+E18 -> 616 | G18: =F18/$F$51 -> 0.031927024 | H18: =F18/8790 -> 0.070079636
A19: 11 | B19: Thrillers | C19: Movie Genre | D19: 577 | E19: 0 | F19: =D19+E19 -> 577 | G19: =F19/$F$51 -> 0.02990567 | H19: =F19/8790 -> 0.065642776
A20: 12 | B20: TV Comedies | C20: TV Show Genre | D20: 0 | E20: 573 | F20: =D20+E20 -> 573 | G20: =F20/$F$51 -> 0.029698352 | H20: =F20/8790 -> 0.065187713
... A50: 42 | B50: TV Shows | C50: TV Show Genre | D50: 0 | E50: 16 | F50: =D50+E50 -> 16 | G50: =F50/$F$51 -> 0.00082927335 | H50: =F50/8790 -> 0.0018202503
A51: - | B51: Total Genre Assignments (42 Categories) | C51: All Formats | D51: =SUM(D9:D50) -> 13185 | E51: =SUM(E9:E50) -> 6109 | F51: =SUM(F9:F50) -> 19294 | G51: =SUM(G9:G50) -> 1 | H51: =F51/8790 -> 2.1949943
